id,organizer_id,name,date,city,country,genre,format,link,description,address,reg_start,reg_end
0e9abf3b-3080-4ece-aa0e-b31acfdb392e,6aced4e4-e276-405d-8dbb-8f1f23b1d249,Urban Essentials,3/11/2024,Nafada,Nigeria,"[""Popping"",""Breaking"",""Locking"",""Crump""]","[""1 vs 1""]",http://mayoclinic.com/venenatis/tristique/fusce/congue/diam.html?in=at&sapien=velit&iaculis=vivamus&congue=vel&vivamus=nulla&metus=eget&arcu=eros&adipiscing=elementum&molestie=pellentesque&hendrerit=quisque&at=porta&vulputate=volutpat&vitae=erat&nisl=quisque&aenean=erat&lectus=eros&pellentesque=viverra&eget=eget&nunc=congue&donec=eget&quis=semper&orci=rutrum&eget=nulla&orci=nunc&vehicula=purus&condimentum=phasellus&curabitur=in&in=felis&libero=donec&ut=semper&massa=sapien&volutpat=a&convallis=libero&morbi=nam&odio=dui&odio=proin&elementum=leo&eu=odio&interdum=porttitor&eu=id&tincidunt=consequat&in=in&leo=consequat&maecenas=ut&pulvinar=nulla&lobortis=sed&est=accumsan&phasellus=felis&sit=ut&amet=at&erat=dolor&nulla=quis&tempus=odio&vivamus=consequat&in=varius&felis=integer&eu=ac&sapien=leo&cursus=pellentesque&vestibulum=ultrices&proin=mattis&eu=odio&mi=donec&nulla=vitae&ac=nisi&enim=nam&in=ultrices&tempor=libero,Vestibulum ante ipsum primis in faucibus orci luctus et ultrices posuere cubilia Curae; Mauris viverra diam vitae quam. Suspendisse potenti.,4 Saint Paul Terrace,11/28/2023,3/3/2024
48b2428c-6a4e-4704-b67b-6591728c6fe5,70e999ca-72d5-471f-8ede-6118bae2f0bc,Libero Dance Fest - Winter Edition - Vol. 6,3/6/2024,Shyroke,Ukraine,"[""Locking"",""Breaking"",""Wacking""]","[""Crew Battle""]",https://abc.net.au/odio/elementum/eu/interdum/eu/tincidunt/in.jsp?felis=placerat&sed=praesent&lacus=blandit&morbi=nam&sem=nulla&mauris=integer&laoreet=pede&ut=justo&rhoncus=lacinia&aliquet=eget&pulvinar=tincidunt&sed=eget&nisl=tempus&nunc=vel&rhoncus=pede&dui=morbi&vel=porttitor&sem=lorem&sed=id&sagittis=ligula&nam=suspendisse&congue=ornare&risus=consequat&semper=lectus&porta=in&volutpat=est&quam=risus&pede=auctor&lobortis=sed&ligula=tristique&sit=in&amet=tempus&eleifend=sit&pede=amet&libero=sem&quis=fusce&orci=consequat&nullam=nulla&molestie=nisl&nibh=nunc&in=nisl&lectus=duis&pellentesque=bibendum&at=felis&nulla=sed&suspendisse=interdum&potenti=venenatis&cras=turpis&in=enim&purus=blandit&eu=mi&magna=in&vulputate=porttitor&luctus=pede,Nulla mollis molestie lorem.,4 Donald Hill,4/5/2023,2/16/2024
582d889a-aa38-42a8-a189-c4dcf50fc201,6c2a1443-cf0a-405c-9083-35157b1881cf,Ghetto Breakin' 2023,5/6/2024,Loanda,Brazil,"[""Popping""]","[""2 vs 2"",""3 vs 3"",""Crew Battle""]",https://goo.gl/lectus.jsp?potenti=suscipit&nullam=a&porttitor=feugiat&lacus=et&at=eros&turpis=vestibulum&donec=ac&posuere=est&metus=lacinia&vitae=nisi&ipsum=venenatis&aliquam=tristique&non=fusce&mauris=congue&morbi=diam&non=id&lectus=ornare&aliquam=imperdiet&sit=sapien&amet=urna&diam=pretium&in=nisl&magna=ut&bibendum=volutpat&imperdiet=sapien&nullam=arcu&orci=sed&pede=augue&venenatis=aliquam&non=erat&sodales=volutpat&sed=in&tincidunt=congue&eu=etiam&felis=justo&fusce=etiam&posuere=pretium&felis=iaculis&sed=justo&lacus=in&morbi=hac&sem=habitasse&mauris=platea&laoreet=dictumst&ut=etiam&rhoncus=faucibus&aliquet=cursus&pulvinar=urna&sed=ut&nisl=tellus&nunc=nulla&rhoncus=ut&dui=erat&vel=id&sem=mauris&sed=vulputate&sagittis=elementum&nam=nullam&congue=varius&risus=nulla&semper=facilisi&porta=cras&volutpat=non&quam=velit&pede=nec,Mauris lacinia sapien quis libero. Nullam sit amet turpis elementum ligula vehicula consequat.,0757 Linden Alley,9/9/2023,8/20/2023
bbc1ec39-4325-46c0-90b1-66d362153a03,9d7379a7-5801-4380-9cb9-6a176c94ae52,Breaking Battle Tbilisi 2023,4/26/2024,Hikone,Japan,"[""Wacking"",""Crump"",""Popping"",""Locking""]","[""3 vs 3"",""1 vs 1"",""2 vs 2""]",http://weebly.com/vel/sem.aspx?felis=pretium&sed=iaculis&interdum=diam&venenatis=erat&turpis=fermentum&enim=justo&blandit=nec&mi=condimentum&in=neque&porttitor=sapien&pede=placerat&justo=ante&eu=nulla&massa=justo&donec=aliquam&dapibus=quis&duis=turpis&at=eget&velit=elit&eu=sodales&est=scelerisque&congue=mauris&elementum=sit&in=amet&hac=eros&habitasse=suspendisse&platea=accumsan&dictumst=tortor&morbi=quis&vestibulum=turpis&velit=sed&id=ante&pretium=vivamus&iaculis=tortor&diam=duis&erat=mattis&fermentum=egestas&justo=metus&nec=aenean&condimentum=fermentum&neque=donec&sapien=ut&placerat=mauris&ante=eget&nulla=massa&justo=tempor&aliquam=convallis&quis=nulla&turpis=neque&eget=libero&elit=convallis&sodales=eget&scelerisque=eleifend&mauris=luctus&sit=ultricies&amet=eu&eros=nibh&suspendisse=quisque&accumsan=id&tortor=justo&quis=sit&turpis=amet&sed=sapien&ante=dignissim&vivamus=vestibulum&tortor=vestibulum&duis=ante&mattis=ipsum&egestas=primis&metus=in&aenean=faucibus&fermentum=orci&donec=luctus&ut=et&mauris=ultrices&eget=posuere,"Nam dui. Proin leo odio, porttitor id, consequat in, consequat ut, nulla.",481 Bobwhite Drive,5/26/2023,4/1/2023
2a77d970-e2f5-46a8-9162-979f179be4d4,d30e0219-8111-4293-a7fa-71e84708ac10,Honorable,3/31/2024,Zgornje Pirniče,Slovenia,"[""Crump"",""Wacking"",""Locking"",""Breaking""]","[""3 vs 3""]",http://twitpic.com/scelerisque/quam/turpis/adipiscing.html?leo=ut&maecenas=rhoncus&pulvinar=aliquet&lobortis=pulvinar&est=sed&phasellus=nisl&sit=nunc&amet=rhoncus&erat=dui&nulla=vel&tempus=sem&vivamus=sed&in=sagittis&felis=nam&eu=congue&sapien=risus&cursus=semper&vestibulum=porta&proin=volutpat&eu=quam&mi=pede&nulla=lobortis&ac=ligula&enim=sit&in=amet&tempor=eleifend&turpis=pede&nec=libero&euismod=quis&scelerisque=orci&quam=nullam,Suspendisse potenti.,423 Banding Center,11/30/2022,7/7/2024
d7f1421f-c537-47dd-a449-c7edb667893c,458b28c7-e8c1-457c-8086-9906d7ba8723,Gang Shit Sai Gon,1/15/2024,Marteleira,Portugal,"[""Wacking"",""Popping"",""Crump""]","[""2 vs 2"",""1 vs 1""]",http://google.it/bibendum/imperdiet/nullam/orci.html?rutrum=justo&neque=morbi&aenean=ut&auctor=odio&gravida=cras&sem=mi&praesent=pede&id=malesuada&massa=in&id=imperdiet&nisl=et&venenatis=commodo&lacinia=vulputate&aenean=justo&sit=in&amet=blandit&justo=ultrices&morbi=enim&ut=lorem&odio=ipsum&cras=dolor&mi=sit&pede=amet&malesuada=consectetuer&in=adipiscing&imperdiet=elit&et=proin&commodo=interdum&vulputate=mauris,Phasellus id sapien in sapien iaculis congue.,88221 Armistice Trail,7/1/2023,4/28/2023
d79a1d2f-cc46-4e2a-a02f-ab6bd71902ac,90b1f626-3800-4849-b427-cb2c995903fe,Street Groove Jam 2023,12/29/2023,Badulla,Sri Lanka,"[""Wacking"",""Crump"",""Popping"",""Breaking""]","[""Crew Battle""]",https://usa.gov/maecenas/tristique/est/et/tempus/semper.js?orci=dapibus&mauris=augue&lacinia=vel&sapien=accumsan&quis=tellus&libero=nisi&nullam=eu&sit=orci&amet=mauris&turpis=lacinia&elementum=sapien&ligula=quis&vehicula=libero&consequat=nullam&morbi=sit&a=amet&ipsum=turpis&integer=elementum&a=ligula&nibh=vehicula&in=consequat&quis=morbi&justo=a&maecenas=ipsum&rhoncus=integer&aliquam=a&lacus=nibh&morbi=in&quis=quis&tortor=justo&id=maecenas&nulla=rhoncus&ultrices=aliquam&aliquet=lacus&maecenas=morbi&leo=quis&odio=tortor&condimentum=id&id=nulla&luctus=ultrices&nec=aliquet&molestie=maecenas&sed=leo&justo=odio&pellentesque=condimentum&viverra=id&pede=luctus&ac=nec&diam=molestie&cras=sed&pellentesque=justo&volutpat=pellentesque&dui=viverra&maecenas=pede&tristique=ac&est=diam&et=cras&tempus=pellentesque&semper=volutpat&est=dui&quam=maecenas&pharetra=tristique&magna=est&ac=et&consequat=tempus&metus=semper&sapien=est&ut=quam&nunc=pharetra&vestibulum=magna&ante=ac&ipsum=consequat&primis=metus,"Morbi sem mauris, laoreet ut, rhoncus aliquet, pulvinar sed, nisl. Nunc rhoncus dui vel sem.",17 Graceland Place,7/17/2023,12/9/2023
a19f9b8e-1605-4f0e-b109-7bae643523f6,44eceb7d-a1e6-4c70-9a39-0d9bf4b78b12,Bboy France Qualification Grand Est,5/19/2024,Ugljevik,Bosnia and Herzegovina,"[""Breaking"",""Wacking"",""Locking"",""Crump"",""Popping""]","[""3 vs 3"",""1 vs 1""]",http://hatena.ne.jp/etiam/pretium/iaculis.jpg?imperdiet=massa&et=tempor&commodo=convallis&vulputate=nulla&justo=neque&in=libero&blandit=convallis&ultrices=eget&enim=eleifend&lorem=luctus&ipsum=ultricies&dolor=eu&sit=nibh&amet=quisque&consectetuer=id&adipiscing=justo&elit=sit&proin=amet&interdum=sapien&mauris=dignissim&non=vestibulum&ligula=vestibulum&pellentesque=ante&ultrices=ipsum&phasellus=primis&id=in&sapien=faucibus&in=orci&sapien=luctus&iaculis=et&congue=ultrices&vivamus=posuere&metus=cubilia&arcu=curae&adipiscing=nulla&molestie=dapibus&hendrerit=dolor&at=vel&vulputate=est&vitae=donec&nisl=odio&aenean=justo&lectus=sollicitudin&pellentesque=ut&eget=suscipit&nunc=a&donec=feugiat&quis=et&orci=eros&eget=vestibulum&orci=ac&vehicula=est&condimentum=lacinia&curabitur=nisi&in=venenatis&libero=tristique&ut=fusce&massa=congue,Duis aliquam convallis nunc.,30452 4th Point,11/30/2022,11/19/2023
f8a84284-fd42-4296-98ce-a63c9920c094,9ed35e5d-114a-41f8-92b6-81136c225970,Northern Vibes 2023,4/29/2024,Okayama-shi,Japan,"[""Wacking""]","[""3 vs 3"",""1 vs 1"",""Crew Battle""]",http://addthis.com/luctus/tincidunt/nulla/mollis.json?sit=lorem&amet=ipsum&lobortis=dolor&sapien=sit&sapien=amet&non=consectetuer&mi=adipiscing&integer=elit&ac=proin&neque=risus&duis=praesent&bibendum=lectus&morbi=vestibulum&non=quam&quam=sapien&nec=varius&dui=ut&luctus=blandit&rutrum=non&nulla=interdum&tellus=in&in=ante&sagittis=vestibulum&dui=ante&vel=ipsum&nisl=primis&duis=in&ac=faucibus&nibh=orci&fusce=luctus&lacus=et&purus=ultrices&aliquet=posuere&at=cubilia&feugiat=curae,Praesent blandit lacinia erat.,7 Fairview Parkway,11/7/2023,12/12/2023
050ce895-3ed2-4839-84ba-a16a54845f0c,fda70829-c177-4c31-b94b-69ec7ed74f92,Hipfest 2023 World Final,12/11/2023,Ecilda Paullier,Uruguay,"[""Popping"",""Crump"",""Breaking""]","[""1 vs 1""]",https://microsoft.com/morbi/porttitor/lorem/id.png?at=ipsum&lorem=dolor&integer=sit&tincidunt=amet&ante=consectetuer&vel=adipiscing&ipsum=elit&praesent=proin&blandit=risus&lacinia=praesent&erat=lectus&vestibulum=vestibulum&sed=quam&magna=sapien&at=varius&nunc=ut&commodo=blandit&placerat=non&praesent=interdum&blandit=in&nam=ante&nulla=vestibulum&integer=ante&pede=ipsum&justo=primis&lacinia=in&eget=faucibus&tincidunt=orci&eget=luctus&tempus=et&vel=ultrices&pede=posuere&morbi=cubilia&porttitor=curae&lorem=duis&id=faucibus&ligula=accumsan,Donec posuere metus vitae ipsum. Aliquam non mauris.,9 Valley Edge Circle,12/4/2023,1/2/2024
0a89b73f-6a73-41b8-940c-4dd3fe48c30a,c5940a71-5b81-4e0e-a040-76d2febc3cbf,Warrior Blood Internacional,1/17/2024,Krasnyye Barrikady,Russia,"[""Breaking""]","[""1 vs 1"",""Crew Battle"",""2 vs 2""]",http://archive.org/ante.jpg?montes=vestibulum&nascetur=aliquet&ridiculus=ultrices&mus=erat&etiam=tortor&vel=sollicitudin&augue=mi&vestibulum=sit&rutrum=amet&rutrum=lobortis&neque=sapien&aenean=sapien&auctor=non&gravida=mi&sem=integer&praesent=ac&id=neque&massa=duis&id=bibendum&nisl=morbi&venenatis=non&lacinia=quam&aenean=nec&sit=dui&amet=luctus&justo=rutrum&morbi=nulla&ut=tellus&odio=in&cras=sagittis&mi=dui&pede=vel&malesuada=nisl&in=duis&imperdiet=ac&et=nibh&commodo=fusce&vulputate=lacus&justo=purus,Aliquam sit amet diam in magna bibendum imperdiet.,24 Ridge Oak Lane,12/6/2022,7/4/2023
7e16be83-441a-4c28-896f-9a891ed85a3f,5aad278b-9b31-45ec-93e6-6ddc87071eb6,Tarolas De Batalla 2023,2/7/2024,Huangben,China,"[""Popping"",""Wacking"",""Locking""]","[""1 vs 1"",""2 vs 2"",""3 vs 3"",""Crew Battle""]",https://w3.org/sed/ante/vivamus/tortor/duis.aspx?aliquam=quis&augue=augue&quam=luctus&sollicitudin=tincidunt&vitae=nulla&consectetuer=mollis&eget=molestie&rutrum=lorem&at=quisque&lorem=ut&integer=erat&tincidunt=curabitur&ante=gravida&vel=nisi&ipsum=at&praesent=nibh&blandit=in&lacinia=hac&erat=habitasse&vestibulum=platea&sed=dictumst&magna=aliquam&at=augue&nunc=quam&commodo=sollicitudin&placerat=vitae&praesent=consectetuer&blandit=eget&nam=rutrum&nulla=at&integer=lorem&pede=integer&justo=tincidunt&lacinia=ante&eget=vel&tincidunt=ipsum&eget=praesent&tempus=blandit&vel=lacinia&pede=erat&morbi=vestibulum&porttitor=sed&lorem=magna&id=at&ligula=nunc&suspendisse=commodo&ornare=placerat&consequat=praesent&lectus=blandit&in=nam&est=nulla&risus=integer&auctor=pede&sed=justo&tristique=lacinia&in=eget&tempus=tincidunt&sit=eget&amet=tempus&sem=vel&fusce=pede&consequat=morbi&nulla=porttitor&nisl=lorem&nunc=id&nisl=ligula&duis=suspendisse&bibendum=ornare&felis=consequat&sed=lectus&interdum=in&venenatis=est&turpis=risus&enim=auctor&blandit=sed&mi=tristique,"Vestibulum ante ipsum primis in faucibus orci luctus et ultrices posuere cubilia Curae; Donec pharetra, magna vestibulum aliquet ultrices, erat tortor sollicitudin mi, sit amet lobortis sapien sapien non mi. Integer ac neque.",18925 Dennis Terrace,2/27/2023,5/28/2024
4251bbbb-a221-4979-bf66-91132401c564,02294b3c-dfb2-45ae-ba55-a56f3880c242,Diciembreak - Vol. 4,12/4/2023,Чучер - Сандево,Macedonia,"[""Popping"",""Crump"",""Breaking""]","[""Crew Battle"",""1 vs 1"",""2 vs 2"",""3 vs 3""]",https://indiatimes.com/nec/sem/duis/aliquam/convallis.jpg?luctus=elit&ultricies=proin&eu=interdum&nibh=mauris&quisque=non&id=ligula&justo=pellentesque&sit=ultrices&amet=phasellus,Duis aliquam convallis nunc.,2 Sommers Street,7/6/2023,10/30/2023
92bfdb10-2096-4e50-b36b-e0e0f403d864,36814c28-9abf-496f-9bab-241544a455cc,Wintersparks Jam 2023,3/5/2024,Dukuhbadag,Indonesia,"[""Popping"",""Breaking""]","[""2 vs 2"",""1 vs 1""]",https://comcast.net/sapien/non/mi/integer/ac.aspx?faucibus=eget&accumsan=rutrum&odio=at&curabitur=lorem&convallis=integer&duis=tincidunt&consequat=ante&dui=vel&nec=ipsum&nisi=praesent&volutpat=blandit&eleifend=lacinia&donec=erat&ut=vestibulum&dolor=sed&morbi=magna&vel=at&lectus=nunc&in=commodo&quam=placerat&fringilla=praesent&rhoncus=blandit&mauris=nam&enim=nulla&leo=integer&rhoncus=pede&sed=justo&vestibulum=lacinia&sit=eget&amet=tincidunt&cursus=eget&id=tempus&turpis=vel&integer=pede&aliquet=morbi&massa=porttitor&id=lorem&lobortis=id&convallis=ligula&tortor=suspendisse&risus=ornare&dapibus=consequat&augue=lectus&vel=in&accumsan=est&tellus=risus&nisi=auctor&eu=sed,Maecenas tincidunt lacus at velit.,86060 Springs Terrace,2/1/2023,1/16/2023
11a33cec-8125-4560-9390-b017c7009376,47373ba4-061b-4022-9404-c333ea12a8eb,Funky Rockerz Move 3,4/16/2024,Kyriáki,Greece,"[""Wacking"",""Crump"",""Popping""]","[""3 vs 3"",""2 vs 2"",""1 vs 1""]",https://blog.com/hac/habitasse/platea.html?eget=justo&massa=pellentesque&tempor=viverra&convallis=pede&nulla=ac&neque=diam&libero=cras&convallis=pellentesque&eget=volutpat&eleifend=dui&luctus=maecenas&ultricies=tristique&eu=est&nibh=et&quisque=tempus&id=semper&justo=est&sit=quam&amet=pharetra&sapien=magna&dignissim=ac&vestibulum=consequat&vestibulum=metus&ante=sapien&ipsum=ut&primis=nunc&in=vestibulum&faucibus=ante&orci=ipsum&luctus=primis&et=in&ultrices=faucibus&posuere=orci&cubilia=luctus&curae=et&nulla=ultrices&dapibus=posuere&dolor=cubilia&vel=curae&est=mauris&donec=viverra&odio=diam&justo=vitae&sollicitudin=quam&ut=suspendisse&suscipit=potenti&a=nullam&feugiat=porttitor&et=lacus&eros=at&vestibulum=turpis&ac=donec&est=posuere&lacinia=metus&nisi=vitae&venenatis=ipsum&tristique=aliquam&fusce=non,Nulla tempus. Vivamus in felis eu sapien cursus vestibulum.,137 Eagan Way,12/26/2023,4/28/2024
fef851ba-6319-42ef-92cb-610157ffcc9e,f3fae84d-feb3-4b68-b980-48819eed9711,Last One Standing,1/3/2024,Hecheng,China,"[""Locking""]","[""1 vs 1""]",https://sakura.ne.jp/et/eros.jpg?in=condimentum&sagittis=id&dui=luctus&vel=nec&nisl=molestie&duis=sed&ac=justo&nibh=pellentesque,Ut at dolor quis odio consequat varius.,15 Mandrake Circle,1/29/2023,6/28/2023
1c5e9909-e3a2-4ab1-9ce0-feb1da024635,7da74c6b-b4f6-43dd-a546-8d183fefc101,Ground Killaz,2/23/2024,Krajan Satu,Indonesia,"[""Wacking"",""Breaking"",""Popping""]","[""Crew Battle"",""3 vs 3""]",http://hc360.com/vestibulum/quam/sapien/varius/ut.xml?faucibus=purus&orci=eu&luctus=magna&et=vulputate&ultrices=luctus&posuere=cum&cubilia=sociis&curae=natoque&duis=penatibus&faucibus=et&accumsan=magnis&odio=dis&curabitur=parturient&convallis=montes&duis=nascetur&consequat=ridiculus&dui=mus&nec=vivamus&nisi=vestibulum&volutpat=sagittis&eleifend=sapien&donec=cum&ut=sociis&dolor=natoque&morbi=penatibus&vel=et&lectus=magnis&in=dis&quam=parturient&fringilla=montes&rhoncus=nascetur&mauris=ridiculus&enim=mus&leo=etiam&rhoncus=vel&sed=augue&vestibulum=vestibulum&sit=rutrum&amet=rutrum,Phasellus sit amet erat. Nulla tempus.,366 Carey Junction,5/22/2023,9/16/2023
60d4ae8b-eeb6-4c3a-b07a-3fd53a2af379,5e3e9b1e-83f4-4286-b2de-4a6ecec67006,Just@Battle ,3/12/2024,Quanzhou,China,"[""Crump"",""Popping"",""Locking"",""Breaking""]","[""Crew Battle"",""1 vs 1"",""3 vs 3""]",https://wordpress.org/fusce/consequat.jpg?donec=pede&odio=libero&justo=quis&sollicitudin=orci&ut=nullam&suscipit=molestie&a=nibh&feugiat=in&et=lectus&eros=pellentesque&vestibulum=at&ac=nulla&est=suspendisse&lacinia=potenti&nisi=cras&venenatis=in&tristique=purus&fusce=eu&congue=magna&diam=vulputate&id=luctus&ornare=cum&imperdiet=sociis&sapien=natoque&urna=penatibus&pretium=et&nisl=magnis&ut=dis&volutpat=parturient&sapien=montes&arcu=nascetur&sed=ridiculus&augue=mus&aliquam=vivamus&erat=vestibulum&volutpat=sagittis&in=sapien&congue=cum&etiam=sociis&justo=natoque&etiam=penatibus&pretium=et&iaculis=magnis&justo=dis&in=parturient&hac=montes&habitasse=nascetur&platea=ridiculus&dictumst=mus&etiam=etiam&faucibus=vel&cursus=augue&urna=vestibulum&ut=rutrum&tellus=rutrum&nulla=neque&ut=aenean&erat=auctor&id=gravida&mauris=sem&vulputate=praesent&elementum=id&nullam=massa&varius=id&nulla=nisl&facilisi=venenatis&cras=lacinia&non=aenean&velit=sit&nec=amet&nisi=justo&vulputate=morbi&nonummy=ut&maecenas=odio&tincidunt=cras&lacus=mi&at=pede&velit=malesuada&vivamus=in&vel=imperdiet&nulla=et&eget=commodo&eros=vulputate&elementum=justo&pellentesque=in&quisque=blandit&porta=ultrices&volutpat=enim&erat=lorem&quisque=ipsum&erat=dolor&eros=sit&viverra=amet&eget=consectetuer&congue=adipiscing&eget=elit&semper=proin&rutrum=interdum&nulla=mauris&nunc=non,Etiam justo.,18 Northridge Avenue,9/16/2023,5/10/2023
ff7b410b-883e-4e90-8c0a-5a74c484c8c2,90ebf5ee-beef-4002-ae23-00365513fec2,Rom Bak 2023,2/20/2024,Loei,Thailand,"[""Breaking"",""Locking"",""Wacking"",""Popping""]","[""Crew Battle"",""3 vs 3"",""1 vs 1"",""2 vs 2""]",http://sitemeter.com/ut/volutpat/sapien/arcu/sed/augue.jpg?eleifend=risus&luctus=dapibus&ultricies=augue&eu=vel&nibh=accumsan&quisque=tellus&id=nisi&justo=eu&sit=orci&amet=mauris&sapien=lacinia&dignissim=sapien&vestibulum=quis&vestibulum=libero&ante=nullam&ipsum=sit&primis=amet&in=turpis&faucibus=elementum&orci=ligula&luctus=vehicula&et=consequat&ultrices=morbi&posuere=a&cubilia=ipsum&curae=integer&nulla=a&dapibus=nibh&dolor=in&vel=quis&est=justo&donec=maecenas&odio=rhoncus&justo=aliquam&sollicitudin=lacus&ut=morbi&suscipit=quis&a=tortor&feugiat=id&et=nulla&eros=ultrices&vestibulum=aliquet&ac=maecenas&est=leo&lacinia=odio&nisi=condimentum&venenatis=id&tristique=luctus&fusce=nec&congue=molestie&diam=sed&id=justo&ornare=pellentesque&imperdiet=viverra&sapien=pede&urna=ac&pretium=diam&nisl=cras&ut=pellentesque&volutpat=volutpat&sapien=dui,"Nullam orci pede, venenatis non, sodales sed, tincidunt eu, felis. Fusce posuere felis sed lacus.",48 Kenwood Court,2/4/2023,9/12/2023
efaddb27-9edf-4fdc-b566-e6c7637f6331,6252309a-67a6-4257-832c-5cea5ef79d15,WDSF BfG World Series 2023,1/28/2024,Kamphaeng Phet,Thailand,"[""Locking""]","[""3 vs 3"",""2 vs 2""]",https://cbc.ca/consectetuer/eget.xml?duis=sed&aliquam=lacus&convallis=morbi&nunc=sem&proin=mauris&at=laoreet&turpis=ut&a=rhoncus&pede=aliquet&posuere=pulvinar&nonummy=sed&integer=nisl&non=nunc&velit=rhoncus&donec=dui&diam=vel&neque=sem&vestibulum=sed&eget=sagittis&vulputate=nam&ut=congue&ultrices=risus&vel=semper&augue=porta&vestibulum=volutpat&ante=quam&ipsum=pede&primis=lobortis&in=ligula&faucibus=sit&orci=amet&luctus=eleifend&et=pede&ultrices=libero&posuere=quis&cubilia=orci&curae=nullam&donec=molestie&pharetra=nibh&magna=in&vestibulum=lectus&aliquet=pellentesque&ultrices=at&erat=nulla&tortor=suspendisse&sollicitudin=potenti&mi=cras&sit=in&amet=purus&lobortis=eu&sapien=magna&sapien=vulputate&non=luctus&mi=cum&integer=sociis&ac=natoque&neque=penatibus&duis=et&bibendum=magnis&morbi=dis&non=parturient&quam=montes&nec=nascetur&dui=ridiculus&luctus=mus&rutrum=vivamus&nulla=vestibulum&tellus=sagittis&in=sapien&sagittis=cum&dui=sociis&vel=natoque&nisl=penatibus&duis=et&ac=magnis&nibh=dis&fusce=parturient&lacus=montes&purus=nascetur&aliquet=ridiculus&at=mus&feugiat=etiam&non=vel&pretium=augue&quis=vestibulum&lectus=rutrum&suspendisse=rutrum&potenti=neque&in=aenean&eleifend=auctor&quam=gravida&a=sem,Suspendisse potenti. In eleifend quam a odio.,3898 Forest Run Court,5/6/2023,6/22/2023
e83bbc4e-0281-4919-952b-b88467b5165b,505a2a20-c7b2-48f6-bb7b-91c167a2596a,Battle Merry Christmas,1/13/2024,Lianghekou,China,"[""Breaking"",""Crump"",""Popping""]","[""Crew Battle"",""1 vs 1"",""2 vs 2"",""3 vs 3""]",http://slashdot.org/nibh/in/quis/justo.js?quisque=sit&ut=amet&erat=sem&curabitur=fusce&gravida=consequat&nisi=nulla&at=nisl&nibh=nunc&in=nisl&hac=duis&habitasse=bibendum&platea=felis&dictumst=sed&aliquam=interdum&augue=venenatis&quam=turpis&sollicitudin=enim&vitae=blandit&consectetuer=mi&eget=in&rutrum=porttitor&at=pede&lorem=justo&integer=eu&tincidunt=massa&ante=donec&vel=dapibus&ipsum=duis&praesent=at&blandit=velit&lacinia=eu&erat=est&vestibulum=congue&sed=elementum&magna=in&at=hac&nunc=habitasse&commodo=platea&placerat=dictumst&praesent=morbi&blandit=vestibulum&nam=velit&nulla=id&integer=pretium&pede=iaculis&justo=diam,Nulla justo. Aliquam quis turpis eget elit sodales scelerisque.,948 Daystar Street,1/25/2023,8/1/2023
f7d20dfc-5e55-400e-a7d3-2e2e74b5e2ed,f66ae0c7-679f-4951-a9fd-4d294f95b85d,Richebourg Battle de Noel,12/18/2023,Beroroha,Madagascar,"[""Crump"",""Popping"",""Wacking"",""Locking"",""Breaking""]","[""2 vs 2"",""1 vs 1""]",https://stumbleupon.com/in/sagittis/dui/vel/nisl/duis.jpg?eleifend=curae&pede=mauris&libero=viverra&quis=diam&orci=vitae&nullam=quam&molestie=suspendisse&nibh=potenti&in=nullam&lectus=porttitor&pellentesque=lacus&at=at&nulla=turpis&suspendisse=donec&potenti=posuere&cras=metus&in=vitae&purus=ipsum&eu=aliquam&magna=non&vulputate=mauris&luctus=morbi&cum=non&sociis=lectus&natoque=aliquam&penatibus=sit&et=amet&magnis=diam&dis=in&parturient=magna&montes=bibendum&nascetur=imperdiet&ridiculus=nullam&mus=orci&vivamus=pede&vestibulum=venenatis&sagittis=non&sapien=sodales&cum=sed&sociis=tincidunt&natoque=eu&penatibus=felis&et=fusce&magnis=posuere&dis=felis&parturient=sed&montes=lacus&nascetur=morbi&ridiculus=sem&mus=mauris&etiam=laoreet&vel=ut&augue=rhoncus&vestibulum=aliquet&rutrum=pulvinar&rutrum=sed&neque=nisl&aenean=nunc&auctor=rhoncus&gravida=dui&sem=vel&praesent=sem&id=sed&massa=sagittis&id=nam&nisl=congue&venenatis=risus&lacinia=semper,"Vivamus vestibulum sagittis sapien. Cum sociis natoque penatibus et magnis dis parturient montes, nascetur ridiculus mus.",6841 Service Way,12/24/2022,2/17/2024
0cf4b2af-2e78-4132-a8f2-26bc0357e4b1,ae549aa0-7eb1-403d-b9d2-e0a1aa3bddae,Kidz Wars 2023 - Vol. 2,4/1/2024,Osveya,Belarus,"[""Popping"",""Crump"",""Breaking"",""Locking""]","[""1 vs 1"",""3 vs 3"",""2 vs 2""]",https://upenn.edu/massa/id/nisl/venenatis.jsp?nulla=justo&eget=in&eros=blandit&elementum=ultrices&pellentesque=enim&quisque=lorem&porta=ipsum&volutpat=dolor&erat=sit&quisque=amet&erat=consectetuer&eros=adipiscing&viverra=elit&eget=proin&congue=interdum&eget=mauris&semper=non&rutrum=ligula&nulla=pellentesque&nunc=ultrices&purus=phasellus&phasellus=id&in=sapien&felis=in&donec=sapien&semper=iaculis&sapien=congue&a=vivamus&libero=metus&nam=arcu&dui=adipiscing&proin=molestie&leo=hendrerit&odio=at&porttitor=vulputate&id=vitae&consequat=nisl&in=aenean&consequat=lectus&ut=pellentesque&nulla=eget&sed=nunc&accumsan=donec&felis=quis&ut=orci&at=eget&dolor=orci&quis=vehicula&odio=condimentum&consequat=curabitur&varius=in&integer=libero&ac=ut&leo=massa&pellentesque=volutpat&ultrices=convallis,"Aliquam sit amet diam in magna bibendum imperdiet. Nullam orci pede, venenatis non, sodales sed, tincidunt eu, felis.",50 Fairfield Parkway,12/6/2023,1/8/2024
bf0550a6-ddca-40bc-a5fc-b237611b44ce,cd0cda0c-9969-4f04-a947-c894bdd5a506,Just for Kids 5,12/24/2023,Gaoqiao,China,"[""Crump"",""Wacking""]","[""1 vs 1""]",http://google.com.hk/ut/suscipit/a/feugiat.html?auctor=auctor&gravida=gravida&sem=sem&praesent=praesent&id=id&massa=massa&id=id&nisl=nisl&venenatis=venenatis&lacinia=lacinia&aenean=aenean&sit=sit&amet=amet&justo=justo&morbi=morbi&ut=ut&odio=odio&cras=cras&mi=mi&pede=pede&malesuada=malesuada&in=in&imperdiet=imperdiet&et=et&commodo=commodo&vulputate=vulputate&justo=justo&in=in&blandit=blandit&ultrices=ultrices&enim=enim&lorem=lorem&ipsum=ipsum&dolor=dolor&sit=sit&amet=amet&consectetuer=consectetuer&adipiscing=adipiscing&elit=elit&proin=proin&interdum=interdum&mauris=mauris&non=non&ligula=ligula&pellentesque=pellentesque&ultrices=ultrices&phasellus=phasellus&id=id&sapien=sapien&in=in&sapien=sapien&iaculis=iaculis&congue=congue&vivamus=vivamus&metus=metus&arcu=arcu&adipiscing=adipiscing&molestie=molestie&hendrerit=hendrerit&at=at&vulputate=vulputate&vitae=vitae&nisl=nisl&aenean=aenean&lectus=lectus&pellentesque=pellentesque&eget=eget&nunc=nunc&donec=donec&quis=quis&orci=orci&eget=eget&orci=orci&vehicula=vehicula&condimentum=condimentum&curabitur=curabitur&in=in&libero=libero&ut=ut&massa=massa&volutpat=volutpat&convallis=convallis&morbi=morbi&odio=odio&odio=odio&elementum=elementum&eu=eu&interdum=interdum&eu=eu&tincidunt=tincidunt&in=in&leo=leo&maecenas=maecenas&pulvinar=pulvinar,Nullam porttitor lacus at turpis.,16747 Red Cloud Point,12/28/2023,4/8/2024
b72d51ad-aaea-4f7d-8830-ead10f1a8afd,9eec7a7e-df65-41ab-8b3e-3d62d10b8abd,RDKZ Dynamic Day 2023,4/22/2024,Krasnapollye,Belarus,"[""Wacking"",""Popping"",""Crump""]","[""1 vs 1"",""2 vs 2"",""Crew Battle"",""3 vs 3""]",https://github.io/blandit/nam/nulla/integer/pede.js?congue=sem&diam=praesent&id=id&ornare=massa&imperdiet=id&sapien=nisl&urna=venenatis&pretium=lacinia&nisl=aenean&ut=sit&volutpat=amet&sapien=justo&arcu=morbi&sed=ut&augue=odio&aliquam=cras&erat=mi&volutpat=pede&in=malesuada&congue=in&etiam=imperdiet&justo=et&etiam=commodo&pretium=vulputate&iaculis=justo&justo=in&in=blandit&hac=ultrices&habitasse=enim&platea=lorem&dictumst=ipsum&etiam=dolor&faucibus=sit&cursus=amet&urna=consectetuer&ut=adipiscing&tellus=elit&nulla=proin&ut=interdum&erat=mauris&id=non&mauris=ligula&vulputate=pellentesque,"Suspendisse ornare consequat lectus. In est risus, auctor sed, tristique in, tempus sit amet, sem.",6 Myrtle Parkway,4/25/2023,12/24/2022
c9427630-a6c8-4f34-99b3-c7fce7e4c1ee,ccbf088b-74eb-4b11-9f3e-0e50db40fd41,Callout Factory - Vol. 3,6/22/2024,Penteado,Portugal,"[""Wacking"",""Locking"",""Popping"",""Crump""]","[""1 vs 1"",""Crew Battle"",""2 vs 2""]",https://hubpages.com/eget/tincidunt.js?vulputate=id&elementum=mauris&nullam=vulputate&varius=elementum&nulla=nullam&facilisi=varius&cras=nulla&non=facilisi&velit=cras&nec=non&nisi=velit&vulputate=nec&nonummy=nisi&maecenas=vulputate&tincidunt=nonummy&lacus=maecenas&at=tincidunt&velit=lacus&vivamus=at&vel=velit&nulla=vivamus&eget=vel&eros=nulla&elementum=eget&pellentesque=eros&quisque=elementum&porta=pellentesque&volutpat=quisque&erat=porta&quisque=volutpat&erat=erat&eros=quisque&viverra=erat&eget=eros&congue=viverra&eget=eget&semper=congue&rutrum=eget&nulla=semper&nunc=rutrum&purus=nulla&phasellus=nunc&in=purus&felis=phasellus&donec=in&semper=felis&sapien=donec&a=semper&libero=sapien&nam=a&dui=libero&proin=nam&leo=dui&odio=proin&porttitor=leo&id=odio&consequat=porttitor&in=id&consequat=consequat&ut=in&nulla=consequat&sed=ut&accumsan=nulla&felis=sed&ut=accumsan&at=felis&dolor=ut&quis=at&odio=dolor&consequat=quis&varius=odio&integer=consequat&ac=varius&leo=integer&pellentesque=ac&ultrices=leo&mattis=pellentesque&odio=ultrices&donec=mattis&vitae=odio&nisi=donec&nam=vitae&ultrices=nisi&libero=nam&non=ultrices&mattis=libero&pulvinar=non&nulla=mattis,In quis justo.,57944 Dexter Point,5/28/2023,4/11/2023
26c1aaca-0a46-4751-be87-24e432655ea0,0f47693a-4907-48fb-b510-a1433abe5340,Thesis 2024,4/27/2024,Rozwadza,Poland,"[""Wacking"",""Locking"",""Popping"",""Breaking"",""Crump""]","[""2 vs 2"",""Crew Battle"",""3 vs 3"",""1 vs 1""]",https://amazon.com/tincidunt/lacus/at/velit.json?libero=nonummy&convallis=maecenas&eget=tincidunt&eleifend=lacus&luctus=at&ultricies=velit&eu=vivamus&nibh=vel&quisque=nulla&id=eget&justo=eros&sit=elementum&amet=pellentesque&sapien=quisque&dignissim=porta&vestibulum=volutpat&vestibulum=erat&ante=quisque&ipsum=erat&primis=eros&in=viverra&faucibus=eget&orci=congue&luctus=eget&et=semper&ultrices=rutrum&posuere=nulla&cubilia=nunc&curae=purus&nulla=phasellus&dapibus=in&dolor=felis&vel=donec&est=semper&donec=sapien&odio=a&justo=libero&sollicitudin=nam&ut=dui&suscipit=proin&a=leo&feugiat=odio&et=porttitor&eros=id&vestibulum=consequat&ac=in&est=consequat&lacinia=ut&nisi=nulla&venenatis=sed&tristique=accumsan&fusce=felis&congue=ut&diam=at&id=dolor&ornare=quis&imperdiet=odio&sapien=consequat&urna=varius&pretium=integer&nisl=ac&ut=leo&volutpat=pellentesque&sapien=ultrices&arcu=mattis&sed=odio&augue=donec&aliquam=vitae&erat=nisi&volutpat=nam&in=ultrices&congue=libero&etiam=non&justo=mattis&etiam=pulvinar&pretium=nulla&iaculis=pede&justo=ullamcorper&in=augue&hac=a&habitasse=suscipit&platea=nulla&dictumst=elit&etiam=ac&faucibus=nulla&cursus=sed&urna=vel&ut=enim&tellus=sit,Vestibulum ac est lacinia nisi venenatis tristique.,7545 Bowman Crossing,10/2/2023,10/3/2023
627ca062-1daf-473a-a079-c52b3741bcf7,40306b66-ee02-4f6d-b843-92db4f72631a,Lille World Battle 2023,4/18/2024,Karangwungu Lor,Indonesia,"[""Popping"",""Wacking""]","[""2 vs 2"",""3 vs 3"",""1 vs 1""]",http://wikimedia.org/ut.png?proin=vel&at=nulla&turpis=eget&a=eros&pede=elementum,"Nam ultrices, libero non mattis pulvinar, nulla pede ullamcorper augue, a suscipit nulla elit ac nulla. Sed vel enim sit amet nunc viverra dapibus.",268 International Way,4/24/2023,5/23/2024
0abf4d23-b4db-42ac-acf0-fec1d815c158,9c9e1f0b-6c0f-4b6e-8d79-a82552d40bc1,United We Jam 2024,3/21/2024,Jiangtian,China,"[""Popping"",""Crump""]","[""2 vs 2"",""Crew Battle"",""3 vs 3""]",http://deviantart.com/magnis.jsp?a=mi&ipsum=nulla&integer=ac&a=enim&nibh=in&in=tempor&quis=turpis&justo=nec&maecenas=euismod&rhoncus=scelerisque&aliquam=quam&lacus=turpis&morbi=adipiscing&quis=lorem&tortor=vitae&id=mattis&nulla=nibh&ultrices=ligula&aliquet=nec&maecenas=sem&leo=duis&odio=aliquam&condimentum=convallis&id=nunc&luctus=proin&nec=at&molestie=turpis&sed=a&justo=pede&pellentesque=posuere&viverra=nonummy&pede=integer&ac=non&diam=velit&cras=donec&pellentesque=diam&volutpat=neque&dui=vestibulum&maecenas=eget&tristique=vulputate&est=ut&et=ultrices&tempus=vel&semper=augue&est=vestibulum&quam=ante&pharetra=ipsum&magna=primis&ac=in&consequat=faucibus&metus=orci&sapien=luctus&ut=et&nunc=ultrices&vestibulum=posuere&ante=cubilia&ipsum=curae&primis=donec&in=pharetra&faucibus=magna&orci=vestibulum&luctus=aliquet&et=ultrices&ultrices=erat&posuere=tortor&cubilia=sollicitudin&curae=mi&mauris=sit&viverra=amet&diam=lobortis&vitae=sapien&quam=sapien&suspendisse=non&potenti=mi&nullam=integer&porttitor=ac&lacus=neque&at=duis&turpis=bibendum&donec=morbi&posuere=non&metus=quam&vitae=nec&ipsum=dui&aliquam=luctus&non=rutrum&mauris=nulla,"Nullam orci pede, venenatis non, sodales sed, tincidunt eu, felis. Fusce posuere felis sed lacus.",08 Butternut Pass,1/31/2024,3/10/2024
aec07599-fd34-4e18-8da0-23d6ad4948b0,30f11eee-4a41-4923-945e-be29f9cee9a3,Battle Ground Annecy - Vol. 9,6/1/2024,Geita,Tanzania,"[""Crump""]","[""Crew Battle""]",https://tiny.cc/interdum/eu/tincidunt/in.js?vivamus=suspendisse&vestibulum=ornare&sagittis=consequat&sapien=lectus&cum=in&sociis=est&natoque=risus&penatibus=auctor&et=sed&magnis=tristique&dis=in&parturient=tempus&montes=sit&nascetur=amet&ridiculus=sem&mus=fusce&etiam=consequat&vel=nulla&augue=nisl&vestibulum=nunc&rutrum=nisl&rutrum=duis&neque=bibendum&aenean=felis&auctor=sed&gravida=interdum&sem=venenatis&praesent=turpis&id=enim&massa=blandit&id=mi&nisl=in&venenatis=porttitor&lacinia=pede&aenean=justo&sit=eu&amet=massa&justo=donec&morbi=dapibus&ut=duis&odio=at&cras=velit&mi=eu&pede=est&malesuada=congue&in=elementum&imperdiet=in&et=hac&commodo=habitasse&vulputate=platea&justo=dictumst&in=morbi&blandit=vestibulum&ultrices=velit&enim=id&lorem=pretium&ipsum=iaculis&dolor=diam&sit=erat&amet=fermentum&consectetuer=justo&adipiscing=nec&elit=condimentum&proin=neque&interdum=sapien&mauris=placerat&non=ante&ligula=nulla&pellentesque=justo&ultrices=aliquam&phasellus=quis&id=turpis&sapien=eget&in=elit&sapien=sodales&iaculis=scelerisque&congue=mauris&vivamus=sit&metus=amet&arcu=eros&adipiscing=suspendisse&molestie=accumsan&hendrerit=tortor&at=quis&vulputate=turpis&vitae=sed&nisl=ante&aenean=vivamus&lectus=tortor&pellentesque=duis&eget=mattis&nunc=egestas&donec=metus&quis=aenean&orci=fermentum&eget=donec&orci=ut&vehicula=mauris&condimentum=eget,Suspendisse accumsan tortor quis turpis. Sed ante.,09311 Emmet Crossing,2/5/2024,1/4/2023
b1f16d53-54de-419a-ba0b-b2621e90a8d0,edd9fbe8-3d88-45bd-8316-55558732fb3c,Cold Sweat Day 3,4/8/2024,Bluefields,Nicaragua,"[""Wacking""]","[""1 vs 1"",""Crew Battle"",""3 vs 3"",""2 vs 2""]",https://newsvine.com/odio/porttitor.jpg?turpis=non&adipiscing=mauris&lorem=morbi&vitae=non&mattis=lectus&nibh=aliquam&ligula=sit&nec=amet&sem=diam&duis=in&aliquam=magna&convallis=bibendum&nunc=imperdiet&proin=nullam&at=orci&turpis=pede&a=venenatis&pede=non&posuere=sodales&nonummy=sed&integer=tincidunt&non=eu&velit=felis&donec=fusce&diam=posuere&neque=felis&vestibulum=sed&eget=lacus&vulputate=morbi&ut=sem&ultrices=mauris&vel=laoreet&augue=ut&vestibulum=rhoncus&ante=aliquet&ipsum=pulvinar&primis=sed&in=nisl&faucibus=nunc&orci=rhoncus&luctus=dui&et=vel&ultrices=sem&posuere=sed&cubilia=sagittis&curae=nam&donec=congue&pharetra=risus&magna=semper&vestibulum=porta&aliquet=volutpat&ultrices=quam&erat=pede&tortor=lobortis&sollicitudin=ligula&mi=sit&sit=amet&amet=eleifend&lobortis=pede&sapien=libero&sapien=quis&non=orci&mi=nullam&integer=molestie&ac=nibh&neque=in&duis=lectus&bibendum=pellentesque&morbi=at&non=nulla&quam=suspendisse&nec=potenti&dui=cras&luctus=in&rutrum=purus&nulla=eu&tellus=magna&in=vulputate&sagittis=luctus&dui=cum&vel=sociis&nisl=natoque&duis=penatibus&ac=et&nibh=magnis&fusce=dis&lacus=parturient&purus=montes&aliquet=nascetur&at=ridiculus&feugiat=mus&non=vivamus&pretium=vestibulum&quis=sagittis,"Nulla neque libero, convallis eget, eleifend luctus, ultricies eu, nibh. Quisque id justo sit amet sapien dignissim vestibulum.",80217 Darwin Court,10/18/2023,11/28/2023
0cf4eda8-eac1-464c-9d93-0aa41da9b7b6,90824591-ae85-47e5-b0fe-2389622a3c11,Trocke Dance Battle - Vol. 12,5/22/2024,Union,Philippines,"[""Wacking"",""Crump"",""Breaking""]","[""Crew Battle"",""1 vs 1"",""2 vs 2""]",http://howstuffworks.com/convallis.png?erat=maecenas&eros=rhoncus&viverra=aliquam&eget=lacus&congue=morbi&eget=quis&semper=tortor&rutrum=id&nulla=nulla&nunc=ultrices&purus=aliquet&phasellus=maecenas&in=leo&felis=odio&donec=condimentum&semper=id&sapien=luctus&a=nec&libero=molestie&nam=sed&dui=justo&proin=pellentesque&leo=viverra&odio=pede&porttitor=ac&id=diam&consequat=cras&in=pellentesque&consequat=volutpat&ut=dui&nulla=maecenas&sed=tristique&accumsan=est&felis=et&ut=tempus&at=semper&dolor=est&quis=quam&odio=pharetra&consequat=magna&varius=ac&integer=consequat&ac=metus&leo=sapien&pellentesque=ut&ultrices=nunc&mattis=vestibulum&odio=ante&donec=ipsum&vitae=primis&nisi=in&nam=faucibus&ultrices=orci&libero=luctus&non=et&mattis=ultrices&pulvinar=posuere&nulla=cubilia&pede=curae&ullamcorper=mauris&augue=viverra&a=diam&suscipit=vitae&nulla=quam&elit=suspendisse&ac=potenti&nulla=nullam&sed=porttitor&vel=lacus&enim=at&sit=turpis&amet=donec&nunc=posuere&viverra=metus&dapibus=vitae&nulla=ipsum&suscipit=aliquam&ligula=non&in=mauris&lacus=morbi&curabitur=non&at=lectus&ipsum=aliquam&ac=sit&tellus=amet&semper=diam&interdum=in&mauris=magna&ullamcorper=bibendum&purus=imperdiet&sit=nullam&amet=orci&nulla=pede&quisque=venenatis,Aliquam non mauris. Morbi non lectus.,4815 Northfield Park,2/12/2024,3/31/2023
95835647-6f82-4c3e-95eb-f0b3f0addf38,c764bdbe-d113-4d4b-a7a3-2667e1fb36f0,Battle Lens Toi,1/6/2024,Dzüünharaa,Mongolia,"[""Breaking"",""Crump"",""Popping"",""Locking"",""Wacking""]","[""1 vs 1"",""Crew Battle""]",http://desdev.cn/non.xml?odio=at&in=dolor&hac=quis&habitasse=odio&platea=consequat&dictumst=varius&maecenas=integer&ut=ac&massa=leo&quis=pellentesque&augue=ultrices&luctus=mattis&tincidunt=odio&nulla=donec&mollis=vitae&molestie=nisi&lorem=nam&quisque=ultrices&ut=libero&erat=non&curabitur=mattis&gravida=pulvinar&nisi=nulla&at=pede&nibh=ullamcorper&in=augue&hac=a&habitasse=suscipit&platea=nulla&dictumst=elit&aliquam=ac&augue=nulla&quam=sed&sollicitudin=vel&vitae=enim&consectetuer=sit&eget=amet&rutrum=nunc&at=viverra&lorem=dapibus&integer=nulla&tincidunt=suscipit&ante=ligula&vel=in&ipsum=lacus&praesent=curabitur&blandit=at&lacinia=ipsum&erat=ac&vestibulum=tellus&sed=semper&magna=interdum&at=mauris&nunc=ullamcorper&commodo=purus&placerat=sit,"Cum sociis natoque penatibus et magnis dis parturient montes, nascetur ridiculus mus.",91054 Bluejay Avenue,2/6/2023,6/21/2024
035d6aaf-71fa-4cff-99a9-b9dd8b807e8a,ab7868a1-5f33-440e-99b2-f5ee14fd4e03,Smoked in Ohio 8,12/11/2023,Ḩājī Khēl,Afghanistan,"[""Breaking"",""Locking""]","[""Crew Battle"",""1 vs 1""]",http://tripadvisor.com/consequat/metus/sapien.js?et=felis&magnis=eu&dis=sapien&parturient=cursus&montes=vestibulum&nascetur=proin&ridiculus=eu&mus=mi&vivamus=nulla&vestibulum=ac&sagittis=enim&sapien=in&cum=tempor&sociis=turpis&natoque=nec&penatibus=euismod&et=scelerisque&magnis=quam&dis=turpis&parturient=adipiscing&montes=lorem&nascetur=vitae&ridiculus=mattis&mus=nibh&etiam=ligula&vel=nec&augue=sem&vestibulum=duis&rutrum=aliquam&rutrum=convallis&neque=nunc&aenean=proin&auctor=at&gravida=turpis&sem=a&praesent=pede&id=posuere&massa=nonummy&id=integer&nisl=non&venenatis=velit&lacinia=donec&aenean=diam&sit=neque&amet=vestibulum&justo=eget&morbi=vulputate&ut=ut&odio=ultrices&cras=vel&mi=augue&pede=vestibulum&malesuada=ante&in=ipsum&imperdiet=primis&et=in&commodo=faucibus&vulputate=orci&justo=luctus&in=et&blandit=ultrices&ultrices=posuere&enim=cubilia&lorem=curae&ipsum=donec&dolor=pharetra&sit=magna&amet=vestibulum&consectetuer=aliquet&adipiscing=ultrices&elit=erat&proin=tortor&interdum=sollicitudin&mauris=mi&non=sit&ligula=amet&pellentesque=lobortis&ultrices=sapien&phasellus=sapien&id=non&sapien=mi&in=integer&sapien=ac&iaculis=neque&congue=duis&vivamus=bibendum&metus=morbi&arcu=non&adipiscing=quam&molestie=nec&hendrerit=dui&at=luctus&vulputate=rutrum&vitae=nulla&nisl=tellus&aenean=in&lectus=sagittis&pellentesque=dui&eget=vel&nunc=nisl,Maecenas ut massa quis augue luctus tincidunt.,59100 Green Court,7/29/2023,2/12/2023
47e6b1e7-4f5f-4cc3-87d8-b3885f7cff44,c392cb1f-adb7-4e8a-9340-1f5b6403be77,Battle Raw,12/18/2023,Zhitang,China,"[""Breaking""]","[""2 vs 2"",""Crew Battle"",""3 vs 3"",""1 vs 1""]",https://diigo.com/luctus/rutrum/nulla.html?at=sed&nunc=magna&commodo=at&placerat=nunc&praesent=commodo&blandit=placerat&nam=praesent&nulla=blandit&integer=nam&pede=nulla&justo=integer&lacinia=pede&eget=justo&tincidunt=lacinia&eget=eget&tempus=tincidunt&vel=eget&pede=tempus&morbi=vel&porttitor=pede&lorem=morbi&id=porttitor&ligula=lorem&suspendisse=id&ornare=ligula&consequat=suspendisse&lectus=ornare&in=consequat&est=lectus&risus=in&auctor=est&sed=risus&tristique=auctor&in=sed&tempus=tristique&sit=in&amet=tempus&sem=sit&fusce=amet&consequat=sem&nulla=fusce&nisl=consequat&nunc=nulla&nisl=nisl&duis=nunc&bibendum=nisl&felis=duis&sed=bibendum&interdum=felis&venenatis=sed&turpis=interdum&enim=venenatis&blandit=turpis&mi=enim&in=blandit&porttitor=mi&pede=in&justo=porttitor&eu=pede&massa=justo&donec=eu&dapibus=massa&duis=donec&at=dapibus&velit=duis&eu=at&est=velit&congue=eu&elementum=est&in=congue&hac=elementum&habitasse=in&platea=hac&dictumst=habitasse&morbi=platea&vestibulum=dictumst&velit=morbi&id=vestibulum&pretium=velit&iaculis=id&diam=pretium&erat=iaculis&fermentum=diam&justo=erat&nec=fermentum&condimentum=justo&neque=nec&sapien=condimentum&placerat=neque&ante=sapien&nulla=placerat&justo=ante&aliquam=nulla&quis=justo&turpis=aliquam&eget=quis&elit=turpis&sodales=eget&scelerisque=elit&mauris=sodales,"Maecenas leo odio, condimentum id, luctus nec, molestie sed, justo.",69 Dayton Avenue,9/14/2023,11/10/2023
5f951b54-7693-43c9-acff-edf0c92e722d,54fd7fca-494e-43a9-99af-f191bf94043f,Best Bboy Kid 2024,3/27/2024,Gamping Lor,Indonesia,"[""Crump"",""Breaking"",""Locking"",""Wacking"",""Popping""]","[""1 vs 1""]",http://barnesandnoble.com/amet/eleifend/pede/libero/quis/orci/nullam.xml?orci=enim&mauris=in&lacinia=tempor&sapien=turpis&quis=nec&libero=euismod&nullam=scelerisque&sit=quam&amet=turpis&turpis=adipiscing&elementum=lorem&ligula=vitae&vehicula=mattis&consequat=nibh&morbi=ligula&a=nec&ipsum=sem&integer=duis&a=aliquam&nibh=convallis&in=nunc&quis=proin&justo=at&maecenas=turpis&rhoncus=a&aliquam=pede&lacus=posuere&morbi=nonummy&quis=integer&tortor=non&id=velit&nulla=donec&ultrices=diam&aliquet=neque&maecenas=vestibulum&leo=eget&odio=vulputate&condimentum=ut&id=ultrices,"Integer aliquet, massa id lobortis convallis, tortor risus dapibus augue, vel accumsan tellus nisi eu orci.",79995 Dennis Road,12/26/2022,2/9/2024
9cd65d43-7152-435b-bb2b-4be10c8e51ff,38279ec4-c1e8-456e-972e-f746e63c525f,Colour Jam - Vol. 6,4/20/2024,Montpellier,France,"[""Breaking""]","[""1 vs 1"",""Crew Battle"",""3 vs 3"",""2 vs 2""]",https://imgur.com/faucibus/orci/luctus/et/ultrices/posuere.aspx?magnis=ac&dis=enim&parturient=in&montes=tempor&nascetur=turpis&ridiculus=nec&mus=euismod&vivamus=scelerisque&vestibulum=quam&sagittis=turpis&sapien=adipiscing&cum=lorem&sociis=vitae&natoque=mattis&penatibus=nibh&et=ligula&magnis=nec&dis=sem&parturient=duis&montes=aliquam&nascetur=convallis&ridiculus=nunc&mus=proin&etiam=at&vel=turpis&augue=a&vestibulum=pede&rutrum=posuere&rutrum=nonummy&neque=integer&aenean=non&auctor=velit&gravida=donec&sem=diam&praesent=neque&id=vestibulum&massa=eget&id=vulputate&nisl=ut&venenatis=ultrices&lacinia=vel&aenean=augue&sit=vestibulum&amet=ante&justo=ipsum&morbi=primis&ut=in&odio=faucibus&cras=orci&mi=luctus&pede=et&malesuada=ultrices&in=posuere&imperdiet=cubilia&et=curae&commodo=donec&vulputate=pharetra&justo=magna&in=vestibulum&blandit=aliquet&ultrices=ultrices&enim=erat&lorem=tortor&ipsum=sollicitudin&dolor=mi&sit=sit&amet=amet&consectetuer=lobortis&adipiscing=sapien&elit=sapien&proin=non&interdum=mi&mauris=integer&non=ac&ligula=neque&pellentesque=duis&ultrices=bibendum,"In hac habitasse platea dictumst. Morbi vestibulum, velit id pretium iaculis, diam erat fermentum justo, nec condimentum neque sapien placerat ante.",94264 Messerschmidt Terrace,3/14/2023,5/29/2024
79e73106-04e5-4fb5-932a-f40e647aafad,3656e327-abf3-4c08-999d-8fb02260a33a,Break Generation 6,3/4/2024,Phutthaisong,Thailand,"[""Locking"",""Wacking"",""Popping""]","[""2 vs 2"",""3 vs 3"",""1 vs 1"",""Crew Battle""]",https://weather.com/vitae/nisi/nam/ultrices/libero.html?pellentesque=vivamus&ultrices=in&mattis=felis&odio=eu&donec=sapien&vitae=cursus&nisi=vestibulum&nam=proin&ultrices=eu&libero=mi&non=nulla&mattis=ac&pulvinar=enim&nulla=in&pede=tempor&ullamcorper=turpis&augue=nec&a=euismod&suscipit=scelerisque&nulla=quam&elit=turpis&ac=adipiscing&nulla=lorem&sed=vitae&vel=mattis&enim=nibh&sit=ligula&amet=nec&nunc=sem&viverra=duis&dapibus=aliquam&nulla=convallis&suscipit=nunc&ligula=proin&in=at&lacus=turpis&curabitur=a&at=pede&ipsum=posuere&ac=nonummy&tellus=integer&semper=non&interdum=velit&mauris=donec&ullamcorper=diam&purus=neque&sit=vestibulum&amet=eget&nulla=vulputate&quisque=ut,Nunc purus. Phasellus in felis.,6 Pennsylvania Junction,8/1/2023,7/2/2024
b9e9b098-cfa9-4266-97ae-3976949e034e,dfef7d74-6cff-4d1c-bed4-f64af694609a,Ms,12/8/2023,Yangp'yŏng,South Korea,"[""Breaking"",""Popping""]","[""Crew Battle""]",http://php.net/felis/donec/semper/sapien/a/libero/nam.jsp?molestie=tortor&hendrerit=risus&at=dapibus&vulputate=augue&vitae=vel&nisl=accumsan&aenean=tellus&lectus=nisi&pellentesque=eu&eget=orci&nunc=mauris&donec=lacinia&quis=sapien&orci=quis&eget=libero&orci=nullam&vehicula=sit&condimentum=amet&curabitur=turpis&in=elementum,"Morbi vestibulum, velit id pretium iaculis, diam erat fermentum justo, nec condimentum neque sapien placerat ante. Nulla justo.",89 Namekagon Pass,10/6/2023,2/24/2023
efe6a427-f392-459f-8e04-20530fe9e8b6,752c7bf7-7123-4688-9ad8-2c208b5698b7,Ms,12/21/2023,Distracción,Colombia,"[""Locking"",""Popping""]","[""Crew Battle"",""3 vs 3""]",http://ihg.com/egestas/metus/aenean/fermentum/donec.jpg?ipsum=facilisi&praesent=cras&blandit=non&lacinia=velit&erat=nec&vestibulum=nisi&sed=vulputate&magna=nonummy&at=maecenas&nunc=tincidunt&commodo=lacus&placerat=at&praesent=velit&blandit=vivamus&nam=vel&nulla=nulla&integer=eget&pede=eros&justo=elementum&lacinia=pellentesque&eget=quisque&tincidunt=porta&eget=volutpat&tempus=erat&vel=quisque&pede=erat&morbi=eros&porttitor=viverra&lorem=eget&id=congue&ligula=eget&suspendisse=semper&ornare=rutrum&consequat=nulla&lectus=nunc&in=purus&est=phasellus&risus=in&auctor=felis&sed=donec&tristique=semper&in=sapien&tempus=a&sit=libero&amet=nam&sem=dui&fusce=proin&consequat=leo&nulla=odio&nisl=porttitor&nunc=id&nisl=consequat&duis=in&bibendum=consequat&felis=ut&sed=nulla&interdum=sed&venenatis=accumsan&turpis=felis&enim=ut&blandit=at&mi=dolor&in=quis&porttitor=odio&pede=consequat,Nunc purus. Phasellus in felis.,82 Forest Dale Pass,2/10/2024,12/24/2023
1a8abb8b-0c9a-42e9-b216-f048b08b769b,a950aacf-24fa-4338-b9d1-3e2a03d0a48d,The Movement Arena 2024,4/14/2024,Nizhnepavlovka,Russia,"[""Breaking"",""Wacking""]","[""Crew Battle"",""2 vs 2"",""3 vs 3""]",https://pbs.org/tempus/vel/pede.xml?elit=elit&proin=proin&risus=risus&praesent=praesent&lectus=lectus&vestibulum=vestibulum&quam=quam&sapien=sapien&varius=varius&ut=ut&blandit=blandit&non=non&interdum=interdum&in=in&ante=ante&vestibulum=vestibulum,"In blandit ultrices enim. Lorem ipsum dolor sit amet, consectetuer adipiscing elit.",96 Menomonie Road,1/8/2023,12/14/2023
019826da-5643-4829-b22b-67039a12035c,a3995e2a-109a-4224-b594-e041433536e0,Bock uf Break Battle 2024,4/12/2024,Radvanice,Czech Republic,"[""Crump"",""Popping"",""Locking"",""Breaking""]","[""1 vs 1""]",https://about.me/faucibus.xml?eget=ut&tincidunt=nunc&eget=vestibulum&tempus=ante&vel=ipsum&pede=primis&morbi=in&porttitor=faucibus&lorem=orci&id=luctus&ligula=et&suspendisse=ultrices&ornare=posuere&consequat=cubilia&lectus=curae&in=mauris&est=viverra&risus=diam&auctor=vitae&sed=quam&tristique=suspendisse&in=potenti&tempus=nullam&sit=porttitor&amet=lacus&sem=at&fusce=turpis&consequat=donec&nulla=posuere&nisl=metus&nunc=vitae&nisl=ipsum&duis=aliquam&bibendum=non&felis=mauris&sed=morbi&interdum=non&venenatis=lectus&turpis=aliquam&enim=sit&blandit=amet&mi=diam&in=in&porttitor=magna&pede=bibendum&justo=imperdiet&eu=nullam&massa=orci&donec=pede&dapibus=venenatis&duis=non&at=sodales&velit=sed&eu=tincidunt&est=eu&congue=felis&elementum=fusce&in=posuere&hac=felis&habitasse=sed&platea=lacus,"Nulla ac enim. In tempor, turpis nec euismod scelerisque, quam turpis adipiscing lorem, vitae mattis nibh ligula nec sem.",402 Hooker Plaza,12/6/2022,6/7/2024
9958791a-4cd3-4d83-9327-e4a2b82680cd,87e2d976-b42a-4b12-a598-181013276077,Hip-Hop Contest,2/3/2024,Prudentópolis,Brazil,"[""Popping"",""Crump""]","[""2 vs 2"",""1 vs 1"",""Crew Battle""]",http://wsj.com/at/velit/eu/est/congue/elementum/in.html?ipsum=elementum&praesent=in&blandit=hac&lacinia=habitasse&erat=platea&vestibulum=dictumst&sed=morbi&magna=vestibulum&at=velit&nunc=id&commodo=pretium&placerat=iaculis&praesent=diam&blandit=erat&nam=fermentum&nulla=justo&integer=nec&pede=condimentum&justo=neque&lacinia=sapien&eget=placerat&tincidunt=ante&eget=nulla&tempus=justo&vel=aliquam&pede=quis&morbi=turpis&porttitor=eget&lorem=elit&id=sodales&ligula=scelerisque&suspendisse=mauris&ornare=sit&consequat=amet&lectus=eros&in=suspendisse&est=accumsan&risus=tortor&auctor=quis&sed=turpis&tristique=sed&in=ante&tempus=vivamus&sit=tortor&amet=duis&sem=mattis&fusce=egestas&consequat=metus&nulla=aenean&nisl=fermentum&nunc=donec&nisl=ut&duis=mauris&bibendum=eget&felis=massa&sed=tempor&interdum=convallis&venenatis=nulla&turpis=neque&enim=libero&blandit=convallis&mi=eget&in=eleifend&porttitor=luctus&pede=ultricies&justo=eu&eu=nibh&massa=quisque&donec=id&dapibus=justo&duis=sit&at=amet&velit=sapien&eu=dignissim&est=vestibulum&congue=vestibulum&elementum=ante&in=ipsum&hac=primis&habitasse=in&platea=faucibus&dictumst=orci&morbi=luctus&vestibulum=et&velit=ultrices&id=posuere&pretium=cubilia&iaculis=curae&diam=nulla&erat=dapibus&fermentum=dolor&justo=vel&nec=est&condimentum=donec&neque=odio&sapien=justo&placerat=sollicitudin&ante=ut&nulla=suscipit&justo=a,Maecenas ut massa quis augue luctus tincidunt. Nulla mollis molestie lorem.,6936 Bunker Hill Junction,7/1/2023,1/6/2023
3fa9600c-1671-4e3d-8cc8-4b8335ebc67b,5987dd9c-64c5-41bf-8e0f-69327741c34b,Colour Jam - Vol. 6,2/29/2024,Akouda,Tunisia,"[""Popping"",""Wacking"",""Crump"",""Locking""]","[""2 vs 2""]",https://opera.com/lectus/vestibulum/quam/sapien/varius/ut/blandit.png?sed=neque&vestibulum=vestibulum&sit=eget&amet=vulputate&cursus=ut&id=ultrices&turpis=vel&integer=augue&aliquet=vestibulum&massa=ante&id=ipsum&lobortis=primis&convallis=in&tortor=faucibus&risus=orci&dapibus=luctus&augue=et&vel=ultrices&accumsan=posuere&tellus=cubilia&nisi=curae&eu=donec&orci=pharetra&mauris=magna&lacinia=vestibulum&sapien=aliquet&quis=ultrices&libero=erat&nullam=tortor,Duis ac nibh.,9 Maryland Way,4/4/2023,6/13/2024
9d2a4da2-5dd3-48d9-9659-562423517ab2,1a903911-1668-49b4-a1bb-a28d169fa834,Break the Floor 2024,5/29/2024,Purong,China,"[""Wacking"",""Locking"",""Popping"",""Crump""]","[""Crew Battle""]",https://mlb.com/integer/tincidunt/ante/vel.xml?orci=in&vehicula=faucibus&condimentum=orci&curabitur=luctus&in=et&libero=ultrices&ut=posuere&massa=cubilia&volutpat=curae&convallis=duis&morbi=faucibus&odio=accumsan&odio=odio&elementum=curabitur&eu=convallis&interdum=duis&eu=consequat&tincidunt=dui&in=nec&leo=nisi&maecenas=volutpat&pulvinar=eleifend&lobortis=donec&est=ut&phasellus=dolor&sit=morbi&amet=vel&erat=lectus&nulla=in&tempus=quam&vivamus=fringilla&in=rhoncus&felis=mauris&eu=enim&sapien=leo&cursus=rhoncus&vestibulum=sed&proin=vestibulum&eu=sit&mi=amet&nulla=cursus&ac=id&enim=turpis&in=integer&tempor=aliquet&turpis=massa&nec=id&euismod=lobortis&scelerisque=convallis&quam=tortor&turpis=risus&adipiscing=dapibus&lorem=augue&vitae=vel&mattis=accumsan&nibh=tellus&ligula=nisi&nec=eu&sem=orci&duis=mauris&aliquam=lacinia&convallis=sapien&nunc=quis&proin=libero&at=nullam&turpis=sit&a=amet&pede=turpis&posuere=elementum&nonummy=ligula&integer=vehicula&non=consequat&velit=morbi&donec=a&diam=ipsum&neque=integer&vestibulum=a&eget=nibh&vulputate=in&ut=quis&ultrices=justo&vel=maecenas&augue=rhoncus&vestibulum=aliquam&ante=lacus,"Cras mi pede, malesuada in, imperdiet et, commodo vulputate, justo.",949 Northridge Drive,3/8/2023,5/9/2023
d64cf6b8-4bd0-4b87-802d-765f8c9880f7,c41827c7-bc48-4386-b0ea-aa48ec6b7284,The Movement Arena 2024,3/25/2024,Runsonglaozhai,China,"[""Wacking"",""Locking"",""Popping""]","[""2 vs 2"",""1 vs 1""]",http://un.org/eu/tincidunt/in.xml?proin=ut&at=suscipit&turpis=a&a=feugiat&pede=et&posuere=eros&nonummy=vestibulum&integer=ac&non=est&velit=lacinia&donec=nisi&diam=venenatis&neque=tristique&vestibulum=fusce&eget=congue&vulputate=diam&ut=id&ultrices=ornare&vel=imperdiet&augue=sapien&vestibulum=urna&ante=pretium&ipsum=nisl&primis=ut&in=volutpat&faucibus=sapien&orci=arcu&luctus=sed,"Morbi odio odio, elementum eu, interdum eu, tincidunt in, leo.",9 Towne Circle,1/27/2023,1/10/2023
814d6943-1bf5-4300-ae9d-6a860eceb8ab,553ef808-0132-4b5d-bf22-996008f6cf47,Bitva o trun 2023,5/24/2024,Saint-Germain-en-Laye,France,"[""Breaking"",""Locking"",""Wacking""]","[""Crew Battle"",""3 vs 3"",""2 vs 2"",""1 vs 1""]",http://mapy.cz/dictumst/morbi/vestibulum/velit/id/pretium.png?tellus=praesent&nulla=blandit&ut=nam&erat=nulla&id=integer&mauris=pede&vulputate=justo&elementum=lacinia&nullam=eget&varius=tincidunt&nulla=eget&facilisi=tempus&cras=vel&non=pede&velit=morbi&nec=porttitor&nisi=lorem&vulputate=id&nonummy=ligula&maecenas=suspendisse&tincidunt=ornare,Donec ut mauris eget massa tempor convallis.,028 Briar Crest Crossing,3/20/2023,6/26/2023
9e2588f9-5995-4ed1-b039-84a645ee9e91,70391f25-4439-4195-865b-660a9f1346bc,Campeonato Nacional De Foot Wortk 2024,4/3/2024,Genteng,Indonesia,"[""Popping"",""Crump"",""Locking"",""Wacking""]","[""3 vs 3"",""2 vs 2"",""1 vs 1"",""Crew Battle""]",https://instagram.com/phasellus/sit.png?eget=non&eros=mi&elementum=integer&pellentesque=ac&quisque=neque&porta=duis&volutpat=bibendum&erat=morbi&quisque=non&erat=quam&eros=nec&viverra=dui&eget=luctus&congue=rutrum&eget=nulla&semper=tellus&rutrum=in&nulla=sagittis&nunc=dui&purus=vel&phasellus=nisl&in=duis&felis=ac&donec=nibh&semper=fusce&sapien=lacus&a=purus&libero=aliquet&nam=at&dui=feugiat&proin=non&leo=pretium&odio=quis&porttitor=lectus&id=suspendisse&consequat=potenti&in=in&consequat=eleifend&ut=quam&nulla=a&sed=odio&accumsan=in&felis=hac&ut=habitasse&at=platea&dolor=dictumst&quis=maecenas&odio=ut&consequat=massa&varius=quis&integer=augue&ac=luctus&leo=tincidunt&pellentesque=nulla&ultrices=mollis&mattis=molestie&odio=lorem&donec=quisque&vitae=ut&nisi=erat&nam=curabitur&ultrices=gravida&libero=nisi&non=at&mattis=nibh&pulvinar=in&nulla=hac&pede=habitasse&ullamcorper=platea&augue=dictumst&a=aliquam&suscipit=augue&nulla=quam&elit=sollicitudin&ac=vitae&nulla=consectetuer&sed=eget&vel=rutrum&enim=at&sit=lorem&amet=integer&nunc=tincidunt&viverra=ante&dapibus=vel&nulla=ipsum&suscipit=praesent&ligula=blandit&in=lacinia&lacus=erat&curabitur=vestibulum&at=sed&ipsum=magna,"Morbi sem mauris, laoreet ut, rhoncus aliquet, pulvinar sed, nisl. Nunc rhoncus dui vel sem.",4014 Ruskin Trail,11/18/2023,6/25/2023
fa181696-3af6-4c07-bfc4-ecd9e9df43d4,70181ee3-93a7-446f-8f42-9a1aa7453895,0299 Dance Battle - Vol. 2,1/26/2024,Changtang,China,"[""Locking"",""Wacking"",""Popping""]","[""3 vs 3""]",https://unblog.fr/sociis/natoque/penatibus/et/magnis.js?platea=rhoncus&dictumst=dui&etiam=vel&faucibus=sem&cursus=sed&urna=sagittis&ut=nam&tellus=congue&nulla=risus&ut=semper&erat=porta&id=volutpat&mauris=quam&vulputate=pede&elementum=lobortis&nullam=ligula&varius=sit&nulla=amet&facilisi=eleifend&cras=pede&non=libero&velit=quis&nec=orci&nisi=nullam&vulputate=molestie&nonummy=nibh&maecenas=in&tincidunt=lectus&lacus=pellentesque&at=at&velit=nulla&vivamus=suspendisse&vel=potenti&nulla=cras&eget=in&eros=purus&elementum=eu&pellentesque=magna&quisque=vulputate&porta=luctus&volutpat=cum&erat=sociis&quisque=natoque&erat=penatibus&eros=et&viverra=magnis&eget=dis&congue=parturient&eget=montes&semper=nascetur&rutrum=ridiculus&nulla=mus&nunc=vivamus&purus=vestibulum&phasellus=sagittis&in=sapien&felis=cum&donec=sociis&semper=natoque&sapien=penatibus&a=et&libero=magnis&nam=dis&dui=parturient&proin=montes&leo=nascetur&odio=ridiculus&porttitor=mus&id=etiam&consequat=vel&in=augue&consequat=vestibulum&ut=rutrum&nulla=rutrum&sed=neque&accumsan=aenean&felis=auctor&ut=gravida&at=sem&dolor=praesent&quis=id&odio=massa&consequat=id&varius=nisl&integer=venenatis&ac=lacinia&leo=aenean,Praesent id massa id nisl venenatis lacinia.,78425 Northport Hill,5/31/2023,10/19/2023
ec7b9535-2435-4003-a55d-6a341b4d6b5b,b61613c9-ab18-4241-b1b5-10737a405dec,Battle Lens Toi,1/5/2024,Brckovljani,Croatia,"[""Crump"",""Breaking"",""Wacking"",""Popping""]","[""2 vs 2""]",http://sciencedirect.com/elit/sodales/scelerisque/mauris/sit/amet.json?in=pellentesque&sagittis=quisque&dui=porta&vel=volutpat&nisl=erat&duis=quisque&ac=erat&nibh=eros&fusce=viverra&lacus=eget&purus=congue&aliquet=eget&at=semper&feugiat=rutrum&non=nulla&pretium=nunc&quis=purus&lectus=phasellus&suspendisse=in&potenti=felis&in=donec&eleifend=semper&quam=sapien&a=a&odio=libero&in=nam&hac=dui&habitasse=proin&platea=leo&dictumst=odio&maecenas=porttitor&ut=id&massa=consequat&quis=in&augue=consequat&luctus=ut&tincidunt=nulla&nulla=sed&mollis=accumsan&molestie=felis&lorem=ut&quisque=at&ut=dolor&erat=quis&curabitur=odio&gravida=consequat&nisi=varius&at=integer&nibh=ac&in=leo&hac=pellentesque&habitasse=ultrices&platea=mattis&dictumst=odio&aliquam=donec&augue=vitae,"Vestibulum ante ipsum primis in faucibus orci luctus et ultrices posuere cubilia Curae; Donec pharetra, magna vestibulum aliquet ultrices, erat tortor sollicitudin mi, sit amet lobortis sapien sapien non mi. Integer ac neque.",217 Alpine Parkway,1/19/2024,7/20/2024